<?xml version="1.0" encoding="utf-8"?>
<eml:eml xmlns:eml="https://eml.ecoinformatics.org/eml-2.2.0" xmlns:xsi="http://www.w3.org/2001/XMLSchema-instance"
         xsi:schemaLocation="https://eml.ecoinformatics.org/eml-2.2.0 https://rs.gbif.org/schema/eml-gbif-profile/1.3/eml.xsd"
packageId="10.15468/dl.8wc537"  system="http://gbif.org" scope="system"
xml:lang="en">
    <dataset>
        <alternateIdentifier>0001065-241107131044228</alternateIdentifier>
        <title>GBIF Occurrence Download 10.15468/dl.8wc537</title>
        <creator>
            <individualName>
                <surName>GBIF Download Service</surName>
            </individualName>
            <electronicMailAddress>support@gbif.org</electronicMailAddress>
        </creator>
        <metadataProvider>
            <individualName>
                <surName>GBIF Download Service</surName>
            </individualName>
            <electronicMailAddress>support@gbif.org</electronicMailAddress>
        </metadataProvider>
        <pubDate>
                2024-11-07
        </pubDate>
        <language>ENGLISH</language>
        <abstract>
            A dataset containing all occurrences available in GBIF matching the query:
{
  "TaxonKey" : [
    "is Arnaldoa weberbaueri (Muschl.) Ferreyra"
  ]
}
The dataset includes records from the following constituent datasets. The full metadata for each constituent is also included in this archive:
2 records from Colección de Herbario LP
9 records from Field Museum of Natural History (Botany) Seed Plant Collection
1 records from The AAU Herbarium Database
1 records from The vascular plants collection (P) at the Herbarium of the Muséum national d'Histoire Naturelle (MNHN - Paris)
5 records from Tropicos Specimens Non-MO
1 records from Phylogenomics and the rise of the angiosperms
10 records from Tropicos MO Specimen Data
1 records from INSDC Sequences
5 records from University of Vienna, Institute for Botany - Herbarium WU
1 records from Field Museum of Natural History (Botany) - Historical Photographs of Type Specimens from Berlin (B)
1 records from The New York Botanical Garden Herbarium (NY)
1 records from Marie-Victorin Herbarium (MT) - Plantes vasculaires
1 records from Edinburgh (E) Herbarium Specimens
2 records from Herbarium Berolinense, Berlin (B)
5 records from NMNH Extant Specimen Records (USNM, US)
2 records from iNaturalist Research-grade Observations

        </abstract>
        <contact>
            <individualName>
                <surName>GBIF Download Service</surName>
            </individualName>
            <electronicMailAddress>support@gbif.org</electronicMailAddress>
        </contact>

    </dataset>

    <additionalMetadata>
        <metadata>
            <gbif>
                <dateStamp>2024-11-07T22:03:05Z</dateStamp>
                <citation identifier="10.15468/dl.8wc537">GBIF Occurrence Download 10.15468/dl.8wc537</citation>
                <physical>
                    <objectName>Darwin Core Archive</objectName>
                    <characterEncoding>UTF-8</characterEncoding>
                    <dataFormat>
                        <externallyDefinedFormat>
                            <formatName>Darwin Core Archive</formatName>
                        </externallyDefinedFormat>
                    </dataFormat>
                    <distribution>
                        <online>
                            <url function="download">https://api.gbif.org/v1/occurrence/download/request/0001065-241107131044228.zip</url>
                        </online>
                    </distribution>
                </physical>
            </gbif>
        </metadata>
    </additionalMetadata>
    </eml:eml>
