<?xml version="1.0" encoding="utf-8"?>
<eml:eml xmlns:eml="https://eml.ecoinformatics.org/eml-2.2.0" xmlns:xsi="http://www.w3.org/2001/XMLSchema-instance"
         xsi:schemaLocation="https://eml.ecoinformatics.org/eml-2.2.0 https://rs.gbif.org/schema/eml-gbif-profile/1.3/eml.xsd"
packageId="7377c214-e7f1-4fc0-a9de-3b85728ccc11"  system="http://gbif.org" scope="system"
xml:lang="en">
    <dataset>
        <alternateIdentifier>10.15468/c4krdu</alternateIdentifier>
        <title>Field Museum of Natural History (Botany) - Historical Photographs of Type Specimens from Berlin (B)</title>
        <creator>
            <organizationName>Field Museum of Natural History</organizationName>
        </creator>
        <metadataProvider>
            <organizationName>Dr. Matt von Konrat</organizationName>
            <address>
                <deliveryPoint>The Field Museum, 1400 S. Lake Shore Drive, Chicago, IL 60605-2496</deliveryPoint>
            </address>
            <electronicMailAddress>mkonrat@fieldmuseum.org</electronicMailAddress>
        </metadataProvider>
        <pubDate>
                2020-01-01
        </pubDate>
        <language>en</language>
        <abstract>
            This dataset contains a digital set of over 15,000 images J. Francis Macbride made in Berlin of material collected in Central and South America from 1778 through May 1930. The 154 plant families represented are predominated by Asteraceae, Fabaceae, Rubiaceae, Melastomataceae, Solanaceae, Euphorbiaceae, Araceae, Acanthaceae, Bromeliaceae and Piperaceae.
        </abstract>
        <intellectualRights>
            <para>This work is licensed under a <ulink url="http://creativecommons.org/licenses/by-nc/4.0/legalcode"><citetitle>Creative Commons Attribution Non Commercial (CC-BY-NC) 4.0 License</citetitle></ulink>.</para>
        </intellectualRights>
        <licensed>
            <licenseName>Creative Commons Attribution Non Commercial 4.0 International</licenseName>
            <url>https://spdx.org/licenses/CC-BY-NC-4.0.html</url>
            <identifier>CC-BY-NC-4.0</identifier>
        </licensed>
        <distribution scope="document">
            <online>
                <url function="download">https://ww3.bgbm.org/biocase/downloads/BerlinNegatives/Field%20Museum%20of%20Natural%20History%20%28Botany%29%20-%20Historical%20Photographs%20of%20Type%20Specimens%20from%20Berlin%20%28B%29.DwCA.zip</url>
            </online>
        </distribution>
        <contact>
            <individualName>
                <surName>Dr. Matt von Konrat</surName>
            </individualName>
            <address>
                <deliveryPoint>The Field Museum, 1400 S. Lake Shore Drive, Chicago, IL 60605-2496</deliveryPoint>
            </address>
            <electronicMailAddress>mkonrat@fieldmuseum.org</electronicMailAddress>
        </contact>

    </dataset>

    <additionalMetadata>
        <metadata>
            <gbif>
                <dateStamp>2024-11-07T22:03:03Z</dateStamp>
                <citation>Botanic Garden and Botanical Museum Berlin (2020). Field Museum of Natural History (Botany) - Historical Photographs of Type Specimens from Berlin (B). Occurrence dataset https://doi.org/10.15468/c4krdu accessed via GBIF.org on 2024-11-07.</citation>
            </gbif>
        </metadata>
    </additionalMetadata>
    </eml:eml>
